City_ID,City,Country,Date,Lat,Lng,Max Temp,Humidity,Cloudiness,Wind Speed
0,Ilulissat,GL,2022-02-03 07:13:02,69.2167,-51.1,-5.33,66,100,9.89
1,Mataura,NZ,2022-02-03 07:13:03,-46.1927,168.8643,56.48,67,100,4.7
2,Abu Samrah,SY,2022-02-03 07:13:04,35.3029,37.1841,52.03,47,94,13.24
3,Touros,BR,2022-02-03 07:13:05,-5.1989,-35.4608,76.1,78,97,10.87
4,Umm Kaddadah,SD,2022-02-03 07:13:06,13.6017,26.6876,74.52,15,22,6.29
5,Lebanon,US,2022-02-03 07:13:07,36.2081,-86.2911,55.58,87,100,3.44
6,Cabo San Lucas,MX,2022-02-03 07:11:53,22.8909,-109.9124,69.51,70,100,6.91
7,Port Elizabeth,ZA,2022-02-03 07:08:12,-33.918,25.5701,74.1,78,100,11.39
8,Sinjar,IQ,2022-02-03 07:13:08,36.3209,41.8754,48.22,50,73,8.95
9,Saskylakh,RU,2022-02-03 07:13:09,71.9167,114.0833,-32.98,100,18,2.01
10,Mar Del Plata,AR,2022-02-03 07:09:11,-38.0023,-57.5575,72.09,83,100,3.0
11,Colares,PT,2022-02-03 07:13:10,38.7992,-9.4469,50.9,75,100,1.01
12,Tasiilaq,GL,2022-02-03 07:13:11,65.6145,-37.6368,14.16,60,58,7.54
13,Rikitea,PF,2022-02-03 07:13:12,-23.1203,-134.9692,77.58,77,100,10.83
14,Bluff,NZ,2022-02-03 07:13:13,-46.6,168.3333,56.8,62,100,16.15
15,Cape Town,ZA,2022-02-03 07:13:13,-33.9258,18.4232,67.12,90,100,1.01
16,San Andres,CO,2022-02-03 07:13:14,12.5847,-81.7006,80.62,78,20,11.5
17,Niono,ML,2022-02-03 07:13:15,14.2526,-5.993,61.52,18,5,9.42
18,Tshikapa,CD,2022-02-03 07:13:16,-6.4167,20.8,69.82,99,100,1.88
19,Vaini,TO,2022-02-03 07:08:40,-21.2,-175.2,78.96,94,40,2.3
20,Ribeira Grande,PT,2022-02-03 07:13:17,38.5167,-28.7,58.55,71,33,6.53
21,Rio Cuarto,AR,2022-02-03 07:13:18,-33.1307,-64.3499,58.84,66,86,4.76
22,Barrow,US,2022-02-03 07:13:19,71.2906,-156.7887,-23.78,83,0,3.44
23,Antanifotsy,MG,2022-02-03 07:13:20,-19.65,47.3167,71.96,39,99,6.08
24,Hongjiang,CN,2022-02-03 07:13:21,27.11,109.9956,44.47,69,100,3.29
25,Dalby,AU,2022-02-03 07:13:21,-27.1833,151.2667,70.99,93,100,4.0
26,Beringovskiy,RU,2022-02-03 07:13:22,63.05,179.3167,7.25,75,96,20.49
27,Geraldton,AU,2022-02-03 07:10:48,-28.7667,114.6,108.01,12,0,12.66
28,Khatanga,RU,2022-02-03 07:13:23,71.9667,102.5,-33.72,99,24,1.83
29,Bathsheba,BB,2022-02-03 07:13:24,13.2167,-59.5167,77.61,73,20,13.8
30,Pitimbu,BR,2022-02-03 07:13:25,-7.4706,-34.8086,77.59,77,53,9.53
31,Ust-Kuyga,RU,2022-02-03 07:13:26,70.0167,135.6,-31.95,99,99,4.7
32,San Quintin,MX,2022-02-03 07:13:27,30.4833,-115.95,55.69,66,0,7.09
33,Rio Verde De Mato Grosso,BR,2022-02-03 07:13:28,-18.9181,-54.8442,71.64,96,100,5.01
34,Jamestown,US,2022-02-03 07:13:28,42.097,-79.2353,37.29,69,100,5.01
35,Hithadhoo,MV,2022-02-03 07:10:58,-0.6,73.0833,81.88,69,45,2.13
36,Punta Arenas,CL,2022-02-03 07:13:30,-53.15,-70.9167,42.91,65,75,5.75
37,Marica,BR,2022-02-03 07:13:31,-22.9194,-42.8186,77.86,90,95,2.28
38,Amahai,ID,2022-02-03 07:13:31,-3.3333,128.9167,83.95,69,100,2.21
39,Bredasdorp,ZA,2022-02-03 07:13:32,-34.5322,20.0403,65.28,60,51,17.09
40,Margate,GB,2022-02-03 07:13:33,51.3813,1.3862,46.74,89,100,4.0
41,Sao Filipe,CV,2022-02-03 07:13:34,14.8961,-24.4956,73.36,73,0,10.56
42,Mildura,AU,2022-02-03 07:13:34,-34.2,142.15,79.07,30,0,20.89
43,Airai,TL,2022-02-03 07:13:35,-8.9266,125.4092,70.72,68,65,4.63
44,Hermanus,ZA,2022-02-03 07:09:03,-34.4187,19.2345,66.9,80,97,16.11
45,Dzhalil,RU,2022-02-03 07:13:36,55.0239,52.7358,27.82,95,100,15.46
46,Ngerengere,TZ,2022-02-03 07:13:37,-6.75,38.1167,80.69,73,100,2.8
47,Sistranda,NO,2022-02-03 07:13:38,63.7256,8.834,31.89,68,100,10.31
48,Nikolskoye,RU,2022-02-03 07:14:39,59.7035,30.7861,17.49,98,94,1.41
49,Codrington,AU,2022-02-03 07:14:39,-38.2667,141.9667,60.82,62,100,16.78
50,Nanortalik,GL,2022-02-03 07:14:40,60.1432,-45.2371,24.75,92,100,8.19
51,Busselton,AU,2022-02-03 07:14:41,-33.65,115.3333,97.05,31,55,8.21
52,Albany,US,2022-02-03 07:12:44,42.6001,-73.9662,44.8,86,100,2.86
53,Sitka,US,2022-02-03 07:14:42,57.0531,-135.33,37.29,93,100,5.75
54,Villa Guerrero,MX,2022-02-03 07:14:42,18.8667,-99.65,62.28,65,0,4.65
55,Upata,VE,2022-02-03 07:14:43,8.0086,-62.3989,72.19,89,46,5.79
56,Ponta Do Sol,PT,2022-02-03 07:10:37,32.6667,-17.1,66.7,69,100,11.63
57,Rio Grande,BR,2022-02-03 07:14:44,-32.035,-52.0986,73.81,84,2,14.45
58,Komsomolskiy,UZ,2022-02-03 07:14:44,40.4272,71.7189,44.02,61,8,4.61
59,Saldanha,ZA,2022-02-03 07:14:45,-33.0117,17.9442,66.25,76,11,10.87
60,Acari,PE,2022-02-03 07:14:45,-15.4311,-74.6158,71.78,81,31,3.31
61,Sangar,RU,2022-02-03 07:14:46,63.9242,127.4739,-26.57,99,37,2.46
62,Avarua,CK,2022-02-03 07:14:47,-21.2078,-159.775,78.85,89,20,12.66
63,Ushuaia,AR,2022-02-03 07:14:20,-54.8,-68.3,32.27,93,33,1.95
64,Ndele,CF,2022-02-03 07:14:48,8.4109,20.6473,77.9,17,99,10.87
65,Florida,US,2022-02-03 07:14:49,28.7505,-82.5001,64.76,84,0,4.61
66,Provideniya,RU,2022-02-03 07:09:54,64.3833,-173.3,3.63,64,100,24.29
67,San Patricio,US,2022-02-03 07:14:49,28.017,-97.5169,53.46,85,100,18.63
68,Bambous Virieux,MU,2022-02-03 07:14:50,-20.3428,57.7575,79.21,94,75,26.46
69,Vila Velha,BR,2022-02-03 07:10:35,-20.3297,-40.2925,75.15,95,100,0.0
70,Adrar,MR,2022-02-03 07:14:51,20.5022,-10.0711,59.23,18,0,10.51
71,Bojnurd,IR,2022-02-03 07:14:52,37.4747,57.329,44.55,42,0,2.3
72,Nemuro,JP,2022-02-03 07:14:52,43.3236,145.575,23.43,73,98,5.44
73,Murgab,TM,2022-02-03 07:14:53,37.4966,61.9714,55.27,54,0,13.8
74,Castro,BR,2022-02-03 07:14:53,-24.7911,-50.0119,60.94,98,53,5.7
75,Lagoa,PT,2022-02-03 07:14:53,39.05,-27.9833,57.22,74,7,9.15
76,Belmonte,BR,2022-02-03 07:14:54,-15.8631,-38.8828,75.7,82,100,0.87
77,Corn Island,NI,2022-02-03 07:14:55,12.1694,-83.0418,79.45,74,10,11.41
78,Atuona,PF,2022-02-03 07:12:29,-9.8,-139.0333,78.75,75,94,17.96
79,Georgetown,MY,2022-02-03 07:11:59,5.4112,100.3354,93.13,52,20,5.75
80,Norman Wells,CA,2022-02-03 07:14:55,65.282,-126.8329,-30.96,68,40,3.44
81,Sao Joao Da Barra,BR,2022-02-03 07:14:47,-21.6403,-41.0511,72.16,96,100,6.49
82,Mundgod,IN,2022-02-03 07:14:56,14.9667,75.0333,83.32,25,5,5.3
83,San Cristobal,VE,2022-02-03 07:14:57,7.7669,-72.225,63.72,69,29,1.54
84,Cherskiy,RU,2022-02-03 07:14:57,68.75,161.3,-21.23,89,97,0.87
85,Angoche,MZ,2022-02-03 07:14:58,-16.2325,39.9086,82.89,70,12,4.0
86,Hofn,IS,2022-02-03 07:14:58,64.2539,-15.2082,29.12,67,100,17.11
87,Hilo,US,2022-02-03 07:11:17,19.7297,-155.09,70.79,89,40,3.44
88,Pacific Grove,US,2022-02-03 07:14:59,36.6177,-121.9166,53.94,38,0,1.01
89,Port Blair,IN,2022-02-03 07:12:28,11.6667,92.75,84.24,58,20,9.22
90,Qaanaaq,GL,2022-02-03 07:15:00,77.484,-69.3632,-12.37,76,99,7.67
91,Bethel,US,2022-02-03 07:15:00,41.3712,-73.414,39.51,92,100,0.0
92,Luderitz,NA,2022-02-03 07:15:01,-26.6481,15.1594,69.13,76,0,1.7
93,Tsuyama,JP,2022-02-03 07:15:02,35.05,134.0,47.35,52,48,8.81
94,Pangnirtung,CA,2022-02-03 07:15:03,66.1451,-65.7125,6.46,96,100,3.6
95,Severo-Kurilsk,RU,2022-02-03 07:16:04,50.6789,156.125,29.93,82,100,11.72
96,Souillac,MU,2022-02-03 07:16:05,-20.5167,57.5167,79.36,94,75,26.46
97,Port Keats,AU,2022-02-03 07:11:06,-14.25,129.55,85.05,71,70,11.36
98,Kahului,US,2022-02-03 07:11:31,20.8947,-156.47,73.85,80,40,5.75
99,Inverness,GB,2022-02-03 07:16:06,57.4791,-4.224,49.21,87,40,1.99
100,Auki,SB,2022-02-03 07:16:07,-8.7676,160.7034,77.47,91,100,8.52
101,Pedernales,DO,2022-02-03 07:16:08,18.0384,-71.744,75.09,62,1,5.35
102,Australind,AU,2022-02-03 07:16:09,-33.2667,115.7167,96.04,27,0,10.31
103,Yellowknife,CA,2022-02-03 07:15:13,62.456,-114.3525,-30.59,80,0,11.5
104,Bubaque,GW,2022-02-03 07:16:10,11.2833,-15.8333,77.0,78,39,4.68
105,Port Alfred,ZA,2022-02-03 07:16:11,-33.5906,26.891,73.8,86,99,10.67
106,Tuatapere,NZ,2022-02-03 07:12:22,-46.1333,167.6833,56.82,67,100,8.57
107,Talnakh,RU,2022-02-03 07:16:12,69.4865,88.3972,-8.99,98,97,6.91
108,Vao,NC,2022-02-03 07:16:13,-22.6667,167.4833,80.04,77,0,6.73
109,Boa Vista,BR,2022-02-03 07:16:13,2.8197,-60.6733,78.78,69,40,9.22
110,Esperance,AU,2022-02-03 07:16:14,-33.8667,121.9,76.19,51,4,23.6
111,Leningradskiy,RU,2022-02-03 07:16:15,69.3833,178.4167,-13.94,89,18,9.44
112,Zhuanghe,CN,2022-02-03 07:16:16,39.7008,122.9911,27.48,36,1,11.52
113,Muncar,ID,2022-02-03 07:16:17,-8.4333,114.3333,85.6,65,48,7.45
114,Kristianstad,SE,2022-02-03 07:16:18,56.0313,14.1524,37.78,100,75,2.3
115,Waipawa,NZ,2022-02-03 07:16:19,-41.4122,175.5153,68.63,62,90,9.98
116,Lorengau,PG,2022-02-03 07:16:20,-2.0226,147.2712,79.92,81,100,8.99
117,Aklavik,CA,2022-02-03 07:13:50,68.2191,-135.0107,-19.39,97,100,4.97
118,Bambanglipuro,ID,2022-02-03 07:16:21,-7.95,110.2833,69.6,63,28,10.4
119,Tura,IN,2022-02-03 07:16:22,25.5198,90.2201,69.57,39,100,2.17
120,Tutoia,BR,2022-02-03 07:16:23,-2.7619,-42.2744,77.59,87,83,9.06
121,Qaqortoq,GL,2022-02-03 07:16:24,60.7167,-46.0333,23.5,91,100,13.91
122,Florianopolis,BR,2022-02-03 07:16:25,-27.6146,-48.5012,75.7,93,75,1.99
123,Aripuana,BR,2022-02-03 07:16:26,-9.1667,-60.6333,70.9,99,100,1.05
124,Calbuco,CL,2022-02-03 07:11:37,-41.768,-73.1273,56.41,90,42,8.5
125,Lompoc,US,2022-02-03 07:16:27,34.6391,-120.4579,52.11,56,0,4.61
126,Martin,US,2022-02-03 07:16:27,27.0837,-80.4164,72.95,85,97,9.26
127,La Primavera,CO,2022-02-03 07:16:09,5.4906,-70.4092,78.73,56,13,4.79
128,Kodiak,US,2022-02-03 07:16:28,57.79,-152.4072,38.71,87,100,10.36
129,Kavieng,PG,2022-02-03 07:16:29,-2.5744,150.7967,81.37,76,100,12.84
130,Yaan,NG,2022-02-03 07:16:30,7.3833,8.5667,77.31,20,9,7.83
131,Hobart,AU,2022-02-03 07:16:32,-42.8794,147.3294,61.27,65,75,1.01
132,Lanzhou,CN,2022-02-03 07:16:32,36.0564,103.7922,36.68,37,0,7.16
133,Cidreira,BR,2022-02-03 07:16:33,-30.1811,-50.2056,74.86,91,22,17.36
134,Rio Gallegos,AR,2022-02-03 07:16:34,-51.6226,-69.2181,46.45,81,75,3.44
135,Tuktoyaktuk,CA,2022-02-03 07:16:35,69.4541,-133.0374,-13.95,97,100,10.65
136,Chokurdakh,RU,2022-02-03 07:16:36,70.6333,147.9167,-25.98,98,82,6.04
137,Ayan,RU,2022-02-03 07:16:37,56.45,138.1667,-1.05,68,100,14.81
138,East London,ZA,2022-02-03 07:17:38,-33.0153,27.9116,72.54,100,20,8.05
139,Iqaluit,CA,2022-02-03 07:17:40,63.7506,-68.5145,5.7,84,100,11.99
140,Puerto Ayora,EC,2022-02-03 07:17:40,-0.7393,-90.3518,74.55,93,13,3.0
141,Kloulklubed,PW,2022-02-03 07:17:41,7.0419,134.2556,84.7,77,82,17.29
142,Jackson,US,2022-02-03 07:14:33,42.4165,-122.8345,37.8,84,0,3.44
143,Chilca,PE,2022-02-03 07:17:42,-12.5211,-76.7372,69.08,85,100,5.21
144,Ola,RU,2022-02-03 07:17:42,59.5833,151.2833,5.56,76,100,11.97
145,Noumea,NC,2022-02-03 07:16:41,-22.2763,166.4572,82.38,67,0,4.81
146,Dingle,PH,2022-02-03 07:12:50,10.9995,122.6711,82.9,72,100,13.69
147,Arraial Do Cabo,BR,2022-02-03 07:17:43,-22.9661,-42.0278,74.53,89,99,3.38
148,Goffstown,US,2022-02-03 07:17:44,43.0204,-71.6003,41.14,93,100,10.0
149,Namatanai,PG,2022-02-03 07:17:44,-3.6667,152.4333,78.33,85,100,10.89
150,Shimoda,JP,2022-02-03 07:17:45,34.6667,138.95,52.16,50,100,26.42
151,Dikson,RU,2022-02-03 07:17:45,73.5069,80.5464,-9.56,97,97,11.63
152,Leh,IN,2022-02-03 07:17:46,34.1667,77.5833,16.86,84,100,1.61
153,College,US,2022-02-03 07:17:46,64.8569,-147.8028,-4.34,69,40,8.05
154,Hamilton,US,2022-02-03 07:17:47,39.1834,-84.5333,38.05,95,100,1.99
155,Blairmore,CA,2022-02-03 07:16:29,49.6,-114.4353,11.32,61,100,12.66
156,Shambu,ET,2022-02-03 07:17:48,9.5667,37.1,66.38,42,100,0.69
157,Zakharovo,RU,2022-02-03 07:17:48,54.366,39.2792,10.67,97,67,3.6
158,Thompson,CA,2022-02-03 07:15:13,55.7435,-97.8558,-20.04,76,0,9.22
159,Okahandja,NA,2022-02-03 07:17:49,-21.9833,16.9167,75.83,47,5,2.3
160,Mao,ES,2022-02-03 07:14:07,39.8885,4.2658,45.16,87,0,4.61
161,Soe,ID,2022-02-03 07:17:50,-9.8607,124.284,77.5,67,99,10.09
162,Rumonge,BI,2022-02-03 07:17:50,-3.9736,29.4386,73.53,82,100,1.79
163,Rodrigues Alves,BR,2022-02-03 07:17:51,-7.738,-72.6509,71.78,96,100,1.81
164,Thomaston,US,2022-02-03 07:17:51,32.8882,-84.3266,59.05,86,100,1.01
165,Satinka,RU,2022-02-03 07:17:52,52.3792,41.6819,29.1,97,100,5.08
166,Toamasina,MG,2022-02-03 07:17:53,-18.1667,49.3833,87.8,51,40,20.71
167,Neuquen,AR,2022-02-03 07:14:30,-38.9516,-68.0591,73.18,45,65,11.27
168,Mount Isa,AU,2022-02-03 07:15:32,-20.7333,139.5,83.97,61,100,16.11
169,Port Lincoln,AU,2022-02-03 07:15:13,-34.7333,135.8667,66.69,63,0,18.66
170,Gumdag,TM,2022-02-03 07:17:54,39.2061,54.5906,50.76,38,94,17.07
171,Makokou,GA,2022-02-03 07:17:54,0.5738,12.8642,73.09,86,100,3.02
172,Shingu,JP,2022-02-03 07:15:25,33.7333,135.9833,47.91,45,100,8.84
173,Arlesheim,CH,2022-02-03 07:17:55,47.4941,7.6198,42.31,93,75,1.14
174,Narsaq,GL,2022-02-03 07:17:56,60.9167,-46.05,23.22,91,100,12.39
175,Juterbog,DE,2022-02-03 07:17:56,51.9833,13.0833,37.62,87,100,9.6
176,Madawaska,US,2022-02-03 07:17:57,47.3561,-68.3288,37.45,93,100,2.3
177,Alofi,NU,2022-02-03 07:17:57,-19.0595,-169.9187,76.89,83,81,4.61
178,Yar-Sale,RU,2022-02-03 07:17:58,66.8333,70.8333,6.35,96,100,6.44
179,Kerman,IR,2022-02-03 07:17:14,30.2832,57.0788,49.86,34,0,4.61
180,Katsuura,JP,2022-02-03 07:17:58,35.1333,140.3,52.11,42,100,2.95
181,Longyearbyen,SJ,2022-02-03 07:17:59,78.2186,15.6401,17.44,53,0,5.75
182,Coquimbo,CL,2022-02-03 07:17:59,-29.9533,-71.3436,60.53,88,0,2.3
183,Juneau,US,2022-02-03 07:14:58,58.3019,-134.4197,26.83,88,100,5.75
184,Mizdah,LY,2022-02-03 07:19:00,31.4451,12.9801,49.01,68,30,16.58
185,Tiksi,RU,2022-02-03 07:19:01,71.6872,128.8694,-5.64,97,90,7.54
186,Lebu,CL,2022-02-03 07:17:01,-37.6167,-73.65,57.15,95,13,8.9
187,Goianapolis,BR,2022-02-03 07:19:02,-16.5106,-49.0239,67.28,95,100,4.16
188,Pokhara,NP,2022-02-03 07:19:02,28.2333,83.9833,62.4,49,100,5.82
189,New Norfolk,AU,2022-02-03 07:19:03,-42.7826,147.0587,60.93,56,58,3.0
190,Katsina,NG,2022-02-03 07:19:04,12.9894,7.6006,57.78,16,3,13.18
191,Danilovka,RU,2022-02-03 07:19:06,50.3557,44.1168,35.65,100,100,14.83
192,Killybegs,IE,2022-02-03 07:19:07,54.6333,-8.45,49.44,88,100,17.85
193,Cascais,PT,2022-02-03 07:19:08,38.6979,-9.4215,54.52,78,100,1.01
194,Samarai,PG,2022-02-03 07:19:09,-10.6167,150.6667,83.25,74,100,10.31
195,Heerenveen,NL,2022-02-03 07:16:34,52.95,5.9333,47.05,95,100,13.62
196,Procida,IT,2022-02-03 07:19:10,40.7569,14.0144,53.6,53,4,8.01
197,Kruisfontein,ZA,2022-02-03 07:19:11,-34.0033,24.7314,71.89,68,100,9.24
198,Walvis Bay,NA,2022-02-03 07:19:12,-22.9575,14.5053,71.1,73,75,5.75
199,Bara,NG,2022-02-03 07:19:13,10.3744,10.7288,67.78,17,58,8.19
200,Tarko-Sale,RU,2022-02-03 07:19:14,64.9225,77.785,9.25,95,100,12.75
201,Kapaa,US,2022-02-03 07:19:15,22.0752,-159.319,75.18,72,100,1.01
202,Polovinnoye,RU,2022-02-03 07:19:15,54.7914,65.9864,20.32,93,54,10.92
203,Arrifes,PT,2022-02-03 07:19:16,37.7667,-25.7,57.45,82,20,11.5
204,Koumac,NC,2022-02-03 07:19:17,-20.5667,164.2833,82.96,68,87,1.9
205,Kurumkan,RU,2022-02-03 07:19:18,54.3,110.3,-6.27,95,59,1.12
206,Mahebourg,MU,2022-02-03 07:19:19,-20.4081,57.7,79.25,94,75,26.46
207,Eureka,US,2022-02-03 07:19:20,40.8021,-124.1637,48.2,89,50,1.99
208,Nenjiang,CN,2022-02-03 07:19:21,49.1833,125.2167,6.3,80,21,6.26
209,Terrak,NO,2022-02-03 07:19:22,65.087,12.3715,26.47,87,100,11.14
210,Limpapa,PH,2022-02-03 07:19:22,7.1197,121.9106,83.53,73,100,4.94
211,Champerico,GT,2022-02-03 07:19:23,14.3,-91.9167,75.29,79,0,5.82
212,Comodoro Rivadavia,AR,2022-02-03 07:15:01,-45.8667,-67.5,69.66,46,0,12.66
213,Ketchikan,US,2022-02-03 07:19:24,55.3422,-131.6461,37.38,93,100,5.75
214,Male,MV,2022-02-03 07:19:24,4.1748,73.5089,81.95,67,1,8.25
215,Dalvik,IS,2022-02-03 07:19:25,65.9702,-18.5286,6.73,93,100,4.41
216,Nouadhibou,MR,2022-02-03 07:19:25,20.931,-17.0347,66.18,48,4,11.5
217,Chapais,CA,2022-02-03 07:14:47,49.7834,-74.8492,-0.62,90,100,7.54
218,Amlagora,IN,2022-02-03 07:19:26,22.8333,87.3333,80.38,38,0,5.17
219,Bonavista,CA,2022-02-03 07:19:27,48.6499,-53.1147,30.11,74,8,21.05
220,Naze,JP,2022-02-03 07:19:28,28.3667,129.4833,56.32,87,100,21.7
221,Mersing,MY,2022-02-03 07:19:29,2.4312,103.8405,85.91,74,40,12.66
222,Cherdyn,RU,2022-02-03 07:19:30,60.403,56.4787,21.47,94,100,6.53
223,Mitsamiouli,KM,2022-02-03 07:19:31,-11.3847,43.2844,83.84,73,98,11.61
224,Sorland,NO,2022-02-03 07:19:32,67.667,12.6934,28.26,64,40,14.97
225,Butaritari,KI,2022-02-03 07:19:32,3.0707,172.7902,82.06,77,100,13.6
226,Asau,RO,2022-02-03 07:19:33,46.4333,26.4,33.28,82,90,3.31
227,Tarakan,ID,2022-02-03 07:19:34,3.3,117.6333,89.1,58,40,2.3
228,Nahrin,AF,2022-02-03 07:19:35,36.0649,69.1334,37.83,87,81,3.33
229,Mazyr,BY,2022-02-03 07:19:36,52.0495,29.2456,26.62,96,100,12.48
230,Saint Anthony,US,2022-02-03 07:20:37,45.0205,-93.218,-2.07,66,0,4.0
231,Teya,RU,2022-02-03 07:20:37,60.3778,92.6267,17.01,89,99,8.61
232,Santa Rosa,PH,2022-02-03 07:20:39,14.3122,121.1114,85.98,69,99,13.73
233,Mount Gambier,AU,2022-02-03 07:17:08,-37.8333,140.7667,63.59,55,43,13.31
234,Rincon,US,2022-02-03 07:20:39,32.296,-81.2354,58.12,96,100,3.44
235,Davila,PH,2022-02-03 07:20:40,18.4726,120.5763,84.18,73,0,5.99
236,Camacha,PT,2022-02-03 07:20:41,33.0833,-16.3333,62.53,88,40,14.97
237,Gizo,SB,2022-02-03 07:20:42,-8.103,156.8419,80.49,81,100,10.33
238,Victoria,HK,2022-02-03 07:20:03,22.2855,114.1577,60.94,84,100,7.0
239,Tahta,EG,2022-02-03 07:20:43,26.7693,31.5021,60.98,29,0,6.96
240,Ahipara,NZ,2022-02-03 07:20:44,-35.1667,173.1667,70.16,83,90,11.72
241,Hit,IQ,2022-02-03 07:20:45,33.6416,42.8251,55.89,39,100,11.07
242,Sainte-Maxime,FR,2022-02-03 07:20:46,43.3,6.6333,57.54,58,87,5.35
243,Kismayo,SO,2022-02-03 07:20:47,-0.3582,42.5454,83.86,68,92,16.22
244,Golden,US,2022-02-03 07:15:55,39.7555,-105.2211,6.66,82,19,1.01
245,Kensington,AU,2022-02-03 07:20:48,-33.9167,151.2167,73.99,67,75,4.0
246,Portland,US,2022-02-03 07:20:49,45.5234,-122.6762,45.18,95,100,1.01
247,Hurricane,US,2022-02-03 07:17:57,37.1753,-113.2899,32.47,35,17,6.87
248,Turiacu,BR,2022-02-03 07:20:50,-1.6633,-45.3717,74.86,94,100,3.74
249,Bengkulu,ID,2022-02-03 07:20:50,-3.8004,102.2655,85.71,62,68,7.25
250,Ucluelet,CA,2022-02-03 07:20:51,48.9329,-125.5528,43.09,92,100,2.53
251,Tilichiki,RU,2022-02-03 07:20:52,60.4667,166.1,4.32,81,100,11.88
252,Moree,AU,2022-02-03 07:20:53,-29.4667,149.85,84.22,48,100,14.97
253,Kununurra,AU,2022-02-03 07:20:54,-15.7667,128.7333,91.38,62,100,5.75
254,Xiangxiang,CN,2022-02-03 07:20:54,27.7333,112.5333,45.61,64,100,5.7
255,Pevek,RU,2022-02-03 07:20:55,69.7008,170.3133,-8.05,76,0,3.89
256,Trincomalee,LK,2022-02-03 07:20:56,8.5711,81.2335,78.93,62,8,6.2
257,Rive-De-Gier,FR,2022-02-03 07:20:57,45.5307,4.6213,44.02,93,100,1.48
258,Saint George,US,2022-02-03 07:20:58,37.1041,-113.5841,34.39,29,0,1.99
259,Mekhe,SN,2022-02-03 07:20:59,15.1097,-16.6218,77.56,15,5,8.08
260,Nishihara,JP,2022-02-03 07:21:00,26.1842,127.7558,63.68,94,75,14.97
261,Aykino,RU,2022-02-03 07:21:01,62.2248,49.9922,20.26,95,100,5.95
262,Kattivakkam,IN,2022-02-03 07:21:02,13.2167,80.3167,86.09,53,5,7.23
263,Partenit,UA,2022-02-03 07:21:03,44.578,34.3446,37.2,91,100,3.29
264,Diffa,NE,2022-02-03 07:21:04,13.3154,12.6113,61.0,19,6,10.0
265,Isla Mujeres,MX,2022-02-03 07:21:04,21.2311,-86.731,78.85,85,0,15.35
266,Eirunepe,BR,2022-02-03 07:21:05,-6.6603,-69.8736,72.39,98,100,1.52
267,Itoman,JP,2022-02-03 07:21:06,26.1247,127.6694,64.42,94,75,14.97
268,Sioux Lookout,CA,2022-02-03 07:21:07,50.1001,-91.917,-20.13,76,0,4.61
269,Gat,IL,2022-02-03 07:21:08,31.61,34.7642,65.39,41,0,9.33
270,Ilhabela,BR,2022-02-03 07:21:09,-23.7781,-45.3581,74.55,89,100,2.68
271,Chumikan,RU,2022-02-03 07:21:10,54.7183,135.315,0.34,73,85,15.86
272,Clyde River,CA,2022-02-03 07:21:05,70.4692,-68.5914,-14.57,76,100,19.57
273,Bismil,TR,2022-02-03 07:21:11,37.8486,40.6658,51.42,72,100,2.77
274,Lavrentiya,RU,2022-02-03 07:21:11,65.5833,-171.0,1.63,63,36,22.32
275,Mlowo,TZ,2022-02-03 07:21:12,-9.0,32.9833,67.78,76,100,7.09
276,Shimanovsk,RU,2022-02-03 07:21:13,52.0,127.7,4.01,73,18,8.97
277,Jizan,SA,2022-02-03 07:22:14,17.3333,42.6667,85.14,60,100,3.49
278,Covilha,PT,2022-02-03 07:22:15,40.286,-7.504,41.45,31,100,1.99
279,Portree,GB,2022-02-03 07:17:29,57.4129,-6.1942,47.52,96,100,20.38
280,Emba,KZ,2022-02-03 07:22:16,48.8264,58.1442,22.82,85,92,7.92
281,Phangnga,TH,2022-02-03 07:22:17,8.4509,98.5298,95.11,49,78,5.28
282,Zeya,RU,2022-02-03 07:22:18,53.75,127.2667,4.14,59,38,6.93
283,Havelock,US,2022-02-03 07:22:18,34.8791,-76.9013,53.02,89,100,5.44
284,Port-Gentil,GA,2022-02-03 07:22:19,-0.7193,8.7815,78.76,89,75,2.3
285,Dryden,CA,2022-02-03 07:22:20,49.7833,-92.7503,-21.71,76,0,9.22
286,Payakumbuh,ID,2022-02-03 07:22:21,-0.2202,100.6308,79.25,81,98,3.09
287,Cockburn Town,TC,2022-02-03 07:22:22,21.4612,-71.1419,74.37,76,66,19.13
288,Thinadhoo,MV,2022-02-03 07:22:22,0.5333,72.9333,82.51,69,5,6.31
289,Flinders,AU,2022-02-03 07:22:23,-34.5833,150.8552,72.81,61,64,17.58
290,Steinbach,DE,2022-02-03 07:22:24,50.1667,8.5667,47.61,92,75,6.91
291,Copiapo,CL,2022-02-03 07:19:27,-27.3667,-70.3333,63.23,75,0,1.74
292,Mtwara,TZ,2022-02-03 07:22:25,-10.2667,40.1833,81.55,79,100,8.16
293,Okhotsk,RU,2022-02-03 07:18:34,59.3833,143.3,14.02,78,100,13.67
294,Vestmannaeyjar,IS,2022-02-03 07:22:27,63.4427,-20.2734,29.12,68,100,20.4
295,Katherine,AU,2022-02-03 07:22:27,-14.4667,132.2667,91.72,55,100,4.61
296,Hay River,CA,2022-02-03 07:22:28,60.8156,-115.7999,-27.42,75,20,5.75
297,Tucuman,AR,2022-02-03 07:22:29,-26.8241,-65.2226,69.8,94,40,6.91
298,Bima,ID,2022-02-03 07:22:30,-8.4667,118.7167,87.71,64,49,5.01
299,Port Hawkesbury,CA,2022-02-03 07:22:30,45.6169,-61.3485,37.58,92,100,5.99
300,Great Falls,US,2022-02-03 07:18:46,47.5002,-111.3008,13.59,64,0,7.0
301,Ust-Maya,RU,2022-02-03 07:22:31,60.4167,134.5333,-15.23,89,100,4.79
302,Alenquer,BR,2022-02-03 07:22:32,-1.9417,-54.7383,75.54,90,100,3.02
303,Morant Bay,JM,2022-02-03 07:22:33,17.8815,-76.4093,76.62,85,9,9.35
304,Beaufort,MY,2022-02-03 07:22:34,5.3473,115.7455,86.16,51,61,5.06
305,Meulaboh,ID,2022-02-03 07:22:34,4.1363,96.1285,86.45,64,84,8.37
306,Omboue,GA,2022-02-03 07:22:35,-1.5746,9.2618,77.68,85,100,5.48
307,Honningsvag,NO,2022-02-03 07:20:20,70.9821,25.9704,17.13,64,100,16.37
308,Haines Junction,CA,2022-02-03 07:22:36,60.7522,-137.5108,-20.25,76,100,1.14
309,Lata,PT,2022-02-03 07:22:37,40.1629,-8.3327,43.05,76,100,1.16
310,Stony Plain,CA,2022-02-03 07:22:38,53.5334,-114.0021,0.43,80,100,3.44
311,Tamiahua,MX,2022-02-03 07:22:38,21.2667,-97.45,70.47,95,16,2.66
312,Ovsyanka,RU,2022-02-03 07:22:39,55.9575,92.5519,5.97,78,66,3.96
313,Klaksvik,FO,2022-02-03 07:22:40,62.2266,-6.589,45.52,93,100,33.71
314,Korla,CN,2022-02-03 07:22:41,41.7597,86.1469,31.86,37,100,6.31
315,Shizunai,JP,2022-02-03 07:22:42,42.3339,142.3669,27.14,73,98,20.8
316,Mayo,US,2022-02-03 07:22:43,38.8876,-76.5119,44.08,94,100,3.44
317,Calama,CL,2022-02-03 07:22:44,-22.4667,-68.9333,52.16,37,0,4.56
318,Gorontalo,ID,2022-02-03 07:22:44,0.5412,123.0595,84.07,72,100,5.97
319,Kommunisticheskiy,RU,2022-02-03 07:22:46,61.6789,64.4819,17.67,94,100,7.09
320,Saint-Philippe,RE,2022-02-03 07:22:46,-21.3585,55.7679,80.15,94,100,36.62
321,Blackwater,AU,2022-02-03 07:22:47,-23.5833,148.8833,76.84,91,100,5.03
322,Kysyl-Syr,RU,2022-02-03 07:22:48,63.8986,122.7617,-16.53,98,94,3.09
323,Barpali,IN,2022-02-03 07:23:49,21.2,83.5833,82.04,22,1,6.53
324,Sanary-Sur-Mer,FR,2022-02-03 07:23:50,43.1178,5.8001,47.53,56,26,4.07
325,Kaspiysk,RU,2022-02-03 07:23:51,42.8816,47.6392,44.78,81,75,7.0
326,Tiznit,MA,2022-02-03 07:23:51,29.5833,-9.5,60.91,29,11,8.55
327,Turbat,PK,2022-02-03 07:23:52,26.0023,63.044,75.36,7,2,24.34
328,Mattru,SL,2022-02-03 07:23:53,7.6244,-11.8332,72.05,94,79,1.52
329,Puerto Escondido,MX,2022-02-03 07:23:53,15.85,-97.0667,73.09,81,0,5.44
330,Dunedin,NZ,2022-02-03 07:20:28,-45.8742,170.5036,58.8,85,100,1.99
331,Nova Olimpia,BR,2022-02-03 07:23:54,-14.7972,-57.2881,70.61,96,40,3.18
332,Bandarbeyla,SO,2022-02-03 07:23:54,9.4942,50.8122,79.25,58,15,20.0
333,Matagami,CA,2022-02-03 07:23:55,49.7502,-77.6328,-11.09,77,0,4.61
334,Buala,SB,2022-02-03 07:23:55,-8.145,159.5921,79.9,83,100,10.18
335,Dickinson,US,2022-02-03 07:23:56,29.4608,-95.0513,59.95,95,100,1.99
336,Galle,LK,2022-02-03 07:23:56,6.0367,80.217,81.79,65,17,6.82
337,Pouso Alegre,BR,2022-02-03 07:23:57,-22.23,-45.9364,67.84,98,100,0.51
338,La Ronge,CA,2022-02-03 07:23:57,55.1001,-105.2842,-23.58,68,0,5.75
339,Dawlatabad,AF,2022-02-03 07:23:58,36.4141,64.9053,52.14,41,0,10.87
340,Kaitangata,NZ,2022-02-03 07:23:59,-46.2817,169.8464,58.93,74,100,2.8
341,Nikologory,RU,2022-02-03 07:24:00,56.1413,41.9922,13.96,95,95,3.67
342,Grand Gaube,MU,2022-02-03 07:24:00,-20.0064,57.6608,79.38,91,100,14.0
343,Indianola,US,2022-02-03 07:24:01,41.3581,-93.5574,5.49,75,100,14.18
344,Zhuhai,CN,2022-02-03 07:24:02,22.2769,113.5678,60.69,87,40,19.57
345,Araouane,ML,2022-02-03 07:21:13,18.9048,-3.5265,56.62,22,29,11.27
346,Fort Nelson,CA,2022-02-03 07:24:03,58.8053,-122.7002,-9.81,70,100,9.22
347,Ajdabiya,LY,2022-02-03 07:24:04,30.7554,20.2263,55.98,60,5,18.19
348,Micheweni,TZ,2022-02-03 07:24:05,-4.9667,39.8333,82.02,76,95,9.89
349,Hobyo,SO,2022-02-03 07:24:06,5.3505,48.5268,80.49,64,100,20.13
350,Isangel,VU,2022-02-03 07:24:07,-19.55,169.2667,81.23,82,99,3.04
351,Staraya Russa,RU,2022-02-03 07:24:08,57.9944,31.3608,9.25,100,100,1.97
352,Havre,FR,2022-02-03 07:24:09,49.5833,0.3333,44.44,87,100,11.5
353,Carutapera,BR,2022-02-03 07:24:10,-1.195,-46.02,77.07,87,100,6.4
354,Sakmara,RU,2022-02-03 07:24:11,51.9844,55.3338,24.82,93,100,12.75
355,Coahuayana,MX,2022-02-03 07:24:11,18.7333,-103.6833,64.18,77,0,4.97
356,Mehamn,NO,2022-02-03 07:22:51,71.0357,27.8492,22.91,93,40,2.3
357,Fujin,CN,2022-02-03 07:24:13,47.26,132.0322,6.94,81,22,9.78
358,Jiaocheng,CN,2022-02-03 07:24:14,24.6774,116.1389,46.74,93,100,2.98
359,Novouzensk,RU,2022-02-03 07:24:14,50.4592,48.1431,32.49,92,100,15.66
360,Baruun-Urt,MN,2022-02-03 07:24:15,46.6806,113.2792,2.7,71,12,6.22
361,Vila Franca Do Campo,PT,2022-02-03 07:20:45,37.7167,-25.4333,59.41,83,49,8.63
362,Maniitsoq,GL,2022-02-03 07:24:15,65.4167,-52.9,14.58,68,100,22.17
363,Saint-Joseph,RE,2022-02-03 07:24:16,-21.3667,55.6167,79.16,92,100,34.16
364,Windhoek,NA,2022-02-03 07:24:17,-22.5594,17.0832,72.1,49,0,0.0
365,Takab,IR,2022-02-03 07:24:18,36.4009,47.1133,31.51,55,76,2.21
366,Khandbari,NP,2022-02-03 07:24:18,27.3747,87.2039,60.08,54,65,4.68
367,Oranjemund,NA,2022-02-03 07:24:19,-28.55,16.4333,68.92,80,97,5.46
368,Kaeo,NZ,2022-02-03 07:25:20,-35.1,173.7833,72.32,89,100,9.17
369,Carnarvon,AU,2022-02-03 07:25:20,-24.8667,113.6333,86.07,66,0,20.71
370,Cap-Aux-Meules,CA,2022-02-03 07:25:21,47.3821,-61.8597,32.02,93,100,18.41
371,Wajima,JP,2022-02-03 07:25:22,37.4,136.9,34.48,93,40,8.05
372,Olafsvik,IS,2022-02-03 07:25:23,64.8945,-23.7142,28.94,63,72,11.03
373,Kadaya,RU,2022-02-03 07:25:24,50.9327,119.2911,-4.23,90,16,0.6
374,Veraval,IN,2022-02-03 07:25:25,20.9,70.3667,78.78,42,25,16.67
375,Harnai,PK,2022-02-03 07:25:26,30.1005,67.9374,61.93,14,0,4.79
376,Vardo,NO,2022-02-03 07:25:27,70.3705,31.1107,28.38,86,75,14.97
377,Pathein,MM,2022-02-03 07:25:28,16.7833,94.7333,88.92,22,5,3.74
378,Ambon,ID,2022-02-03 07:25:28,-3.6954,128.1814,89.74,55,40,9.22
379,Salalah,OM,2022-02-03 07:25:29,17.0151,54.0924,86.09,21,0,18.41
380,Alice Springs,AU,2022-02-03 07:25:30,-23.7,133.8833,76.55,47,100,14.97
381,Rajanpur,PK,2022-02-03 07:25:30,29.1035,70.325,71.64,21,0,9.86
382,Champasak,LA,2022-02-03 07:25:31,14.75,106.0,90.48,33,43,1.28
383,Hasaki,JP,2022-02-03 07:25:32,35.7333,140.8333,55.29,36,82,2.68
384,Fortuna,US,2022-02-03 07:25:33,40.5982,-124.1573,47.93,91,100,5.75
385,Ouesso,CG,2022-02-03 07:25:33,1.6136,16.0517,80.38,32,84,2.21
386,Hambantota,LK,2022-02-03 07:25:34,6.1241,81.1185,89.94,58,20,4.61
387,Parlakimidi,IN,2022-02-03 07:25:35,18.7667,84.0833,84.34,44,4,8.08
388,Laguna,US,2022-02-03 07:25:36,38.421,-121.4238,52.41,56,0,4.0
389,Meiktila,MM,2022-02-03 07:25:36,20.8667,95.8667,80.55,24,8,6.76
390,Bayji,IQ,2022-02-03 07:25:37,34.9311,43.487,54.64,38,100,6.82
391,Gainesville,US,2022-02-03 07:22:55,29.6516,-82.3248,62.31,82,0,3.44
392,Disna,BY,2022-02-03 07:25:38,55.568,28.1971,17.2,97,95,4.41
393,Anan,JP,2022-02-03 07:25:38,33.9167,134.65,48.38,46,100,15.77
394,Aykhal,RU,2022-02-03 07:25:39,66.0,111.5,-18.27,99,49,3.04
395,Nisia Floresta,BR,2022-02-03 07:25:40,-6.0911,-35.2086,77.38,78,100,7.29
396,Sampit,ID,2022-02-03 07:25:41,-2.5333,112.95,85.93,70,100,3.0
397,Kirkwood,US,2022-02-03 07:25:42,38.5834,-90.4068,17.49,88,100,5.99
398,Saint-Francois,FR,2022-02-03 07:25:42,46.4154,3.9054,40.41,99,100,8.05
399,Zhigansk,RU,2022-02-03 07:25:43,66.7697,123.3711,-27.13,100,13,4.54
400,Agirish,RU,2022-02-03 07:25:44,61.9247,63.0231,17.37,93,100,7.25
401,Praia,CV,2022-02-03 07:25:45,14.9215,-23.5087,72.14,60,0,17.27
402,Antofagasta,CL,2022-02-03 07:23:03,-23.65,-70.4,63.68,79,35,5.3
403,Ballina,AU,2022-02-03 07:25:45,-28.8667,153.5667,71.56,96,100,17.27
404,Conchagua,SV,2022-02-03 07:25:46,13.3078,-87.8647,69.91,85,2,3.13
405,Suez,EG,2022-02-03 07:25:47,29.9737,32.5263,61.39,46,0,9.35
406,Ishigaki,JP,2022-02-03 07:25:48,24.3448,124.1572,68.13,94,75,16.11
407,Aksarka,RU,2022-02-03 07:25:48,66.5606,67.7975,-11.45,99,92,6.2
408,Anadyr,RU,2022-02-03 07:25:49,64.75,177.4833,14.5,67,28,26.84
409,Tifton,US,2022-02-03 07:25:49,31.4505,-83.5085,63.81,83,100,9.48
410,Brae,GB,2022-02-03 07:25:49,60.3964,-1.353,46.31,94,100,20.58
411,Jacqueville,CI,2022-02-03 07:25:50,5.2052,-4.4146,78.71,87,10,6.38
412,Bougouni,ML,2022-02-03 07:25:50,11.417,-7.479,63.7,21,0,4.61
413,Ha Giang,VN,2022-02-03 07:25:51,22.8333,104.9833,63.34,65,89,3.6
414,Taoudenni,ML,2022-02-03 07:26:51,22.6783,-3.9836,57.42,35,27,12.33
415,Bhanvad,IN,2022-02-03 07:26:52,21.9264,69.7736,80.46,18,5,13.42
416,Kroonstad,ZA,2022-02-03 07:26:53,-27.6504,27.2349,78.08,48,59,7.49
417,Tres Arroyos,AR,2022-02-03 07:26:53,-38.3739,-60.2798,65.71,85,100,5.5
418,Gravdal,NO,2022-02-03 07:25:52,68.1214,13.5031,28.08,63,95,14.23
419,Rurrenabaque,BO,2022-02-03 07:26:53,-14.4413,-67.5278,70.57,99,72,0.85
420,Uyuni,BO,2022-02-03 07:26:54,-20.4597,-66.825,48.76,53,39,7.45
421,Padang,ID,2022-02-03 07:26:55,-0.9492,100.3543,86.05,77,97,4.68
422,Tromso,NO,2022-02-03 07:26:55,69.6496,18.957,17.38,79,0,3.44
423,Tupi Paulista,BR,2022-02-03 07:26:56,-21.3811,-51.5706,70.77,97,100,6.67
424,Batavia,US,2022-02-03 07:26:56,41.85,-88.3126,17.91,67,100,3.0
425,Craig,US,2022-02-03 07:26:56,40.5153,-107.5464,2.82,91,0,0.0
426,Kota Tinggi,MY,2022-02-03 07:26:57,1.7381,103.8999,91.44,53,97,10.67
427,Hami,CN,2022-02-03 07:26:57,42.8,93.45,29.35,35,100,1.83
428,Monterrey,MX,2022-02-03 07:26:05,25.6667,-100.3167,61.72,87,23,3.27
429,Shebalino,RU,2022-02-03 07:26:58,51.2917,85.6772,21.7,80,6,1.95
430,Zhob,PK,2022-02-03 07:26:59,31.3411,69.4481,52.29,18,0,22.66
431,Opuwo,NA,2022-02-03 07:26:59,-18.0607,13.84,70.97,41,11,2.17
432,Sarakhs,IR,2022-02-03 07:26:59,36.5449,61.1577,59.14,36,0,29.93
433,Tabuk,PH,2022-02-03 07:27:00,17.4189,121.4443,81.34,67,11,3.83
434,Kieta,PG,2022-02-03 07:27:01,-6.2167,155.6333,81.12,86,100,12.06
435,Paita,PE,2022-02-03 07:27:02,-5.0892,-81.1144,71.11,78,44,9.73
436,La Romana,DO,2022-02-03 07:27:03,18.4273,-68.9728,76.73,92,5,10.33
437,Polyarnyy,RU,2022-02-03 07:27:04,69.1989,33.4478,5.47,86,100,6.8
438,Nalut,LY,2022-02-03 07:27:05,30.3333,10.85,42.17,57,0,8.1
439,Japura,ID,2022-02-03 07:27:06,-0.3167,102.35,85.82,67,100,1.5
440,Jalingo,NG,2022-02-03 07:27:06,8.8833,11.3667,73.54,21,10,6.15
441,Port Moresby,PG,2022-02-03 07:25:25,-9.4431,147.1797,89.02,51,40,11.5
442,Makakilo City,US,2022-02-03 07:27:07,21.3469,-158.0858,72.68,70,0,3.44
443,Chabahar,IR,2022-02-03 07:27:08,25.2919,60.643,72.73,32,0,10.09
444,Shelburne,CA,2022-02-03 07:27:10,44.0787,-80.2041,22.91,95,100,13.33
445,Tessalit,ML,2022-02-03 07:27:11,20.1986,1.0114,57.18,16,4,12.33
446,Nsanje,MW,2022-02-03 07:27:12,-16.92,35.262,84.94,66,53,2.28
447,Maragogi,BR,2022-02-03 07:27:13,-9.0122,-35.2225,78.21,78,47,6.71
448,Ostashkov,RU,2022-02-03 07:27:13,57.1467,33.1075,13.68,97,99,2.48
449,Broome,US,2022-02-03 07:27:14,42.2506,-75.833,40.84,75,100,1.01
450,Santa Fe,AR,2022-02-03 07:27:06,-31.6333,-60.7,74.01,82,72,1.99
451,Riyadh,SA,2022-02-03 07:23:47,24.6877,46.7219,64.54,27,0,4.61
452,Butterworth,MY,2022-02-03 07:27:15,5.3991,100.3638,93.24,70,40,6.91
453,Glenwood Springs,US,2022-02-03 07:25:58,39.5505,-107.3248,8.4,59,64,0.6
454,North Bend,US,2022-02-03 07:23:03,43.4065,-124.2243,44.92,99,100,4.61
455,Dinan,FR,2022-02-03 07:27:16,48.4167,-2.25,43.21,94,100,7.4
456,Mbini,GQ,2022-02-03 07:27:17,1.574,9.6134,78.64,80,46,3.44
457,Saint-Georges,GD,2022-02-03 07:27:18,12.0564,-61.7485,78.48,78,20,20.71
458,Belyy Yar,RU,2022-02-03 07:27:19,53.6039,91.3903,-4.11,77,20,2.24
459,Bairiki,KI,2022-02-03 07:27:19,1.3292,172.9752,82.4,83,20,6.91
460,Valley City,US,2022-02-03 07:27:20,46.9233,-98.0032,-17.41,76,0,0.0
461,Upernavik,GL,2022-02-03 07:27:21,72.7868,-56.1549,-8.03,64,100,8.25
462,Guatire,VE,2022-02-03 07:28:21,10.4762,-66.5427,73.2,97,75,1.48
463,Koundara,GN,2022-02-03 07:28:22,12.4833,-13.3,65.5,43,3,2.46
464,Balotra,IN,2022-02-03 07:28:23,25.8333,72.2333,74.93,24,0,14.52
465,Bonfim,BR,2022-02-03 07:28:23,3.0833,-59.95,76.41,71,56,8.14
466,Hirado,JP,2022-02-03 07:28:24,33.3597,129.5531,47.35,52,100,14.81
467,Rocha,UY,2022-02-03 07:28:24,-34.4833,-54.3333,66.04,98,100,6.53
468,Turukhansk,RU,2022-02-03 07:28:25,65.8167,87.9833,-4.41,97,31,3.94
469,Biak,ID,2022-02-03 07:28:25,-0.9131,122.8766,82.85,69,100,1.48
470,Salto,UY,2022-02-03 07:28:26,-31.3833,-57.9667,77.88,66,62,7.4
471,Qazvin,IR,2022-02-03 07:28:26,36.2797,50.0049,44.22,49,0,6.91
472,Lincoln,US,2022-02-03 07:26:08,40.8,-96.667,8.91,50,75,5.99
473,Baghdad,IQ,2022-02-03 07:27:35,33.3406,44.4009,55.31,54,40,6.91
474,Belluno,IT,2022-02-03 07:28:27,46.145,12.2214,40.87,67,1,1.01
475,Sinnamary,GF,2022-02-03 07:28:28,5.3833,-52.95,76.46,86,69,8.59
476,Nipawin,CA,2022-02-03 07:28:21,53.3668,-104.0009,-34.56,74,0,11.5
477,Eagle Pass,US,2022-02-03 07:28:29,28.7091,-100.4995,40.24,91,100,19.66
478,Luanda,AO,2022-02-03 07:27:34,-8.8368,13.2343,77.0,78,75,6.91
479,Saint-Denis,FR,2022-02-03 07:28:30,48.9167,2.3333,45.75,80,100,4.0
480,Kashi,CN,2022-02-03 07:28:31,39.4547,75.9797,38.41,22,100,4.47
481,Flin Flon,CA,2022-02-03 07:28:32,54.7682,-101.865,-21.62,91,12,7.99
482,Fairbanks,US,2022-02-03 07:28:33,64.8378,-147.7164,-14.8,69,0,6.91
483,Meadow Lake,US,2022-02-03 07:28:34,34.8014,-106.5436,18.48,89,100,10.8
484,Moyale,KE,2022-02-03 07:28:35,3.5167,39.0584,79.81,38,100,17.94
485,Mackay,AU,2022-02-03 07:28:36,-21.15,149.2,83.68,83,40,6.91
486,Faanui,PF,2022-02-03 07:28:37,-16.4833,-151.75,81.03,77,12,20.0
487,Vianopolis,BR,2022-02-03 07:28:38,-16.7419,-48.5164,63.95,93,100,3.38
488,Lasa,IT,2022-02-03 07:28:38,46.6166,10.7002,38.66,89,58,7.27
489,Pozo Colorado,PY,2022-02-03 07:28:39,-23.4923,-58.7972,77.58,71,10,4.52
490,Sola,VU,2022-02-03 07:28:40,-13.8833,167.55,81.57,79,100,17.6
491,Saint-Louis,SN,2022-02-03 07:28:41,16.3333,-15.0,71.28,17,0,11.41
492,Klungkung,ID,2022-02-03 07:28:42,-8.5333,115.4,86.68,58,50,7.36
493,Quesnel,CA,2022-02-03 07:27:42,52.9999,-122.5029,18.1,86,100,9.22
494,Antalaha,MG,2022-02-03 07:28:43,-14.9003,50.2788,85.17,58,100,3.27
495,Tallahassee,US,2022-02-03 07:25:32,30.4383,-84.2807,63.86,76,0,1.01
496,Cayenne,GF,2022-02-03 07:28:44,4.9333,-52.3333,78.1,88,20,0.0
497,Bhatgaon,IN,2022-02-03 07:28:44,21.15,81.7,82.58,42,0,6.91
498,Cuamba,MZ,2022-02-03 07:28:45,-14.8031,36.5372,79.61,70,62,2.1
499,Raga,SS,2022-02-03 07:25:33,8.4596,25.678,82.35,17,13,4.52
500,Waitati,NZ,2022-02-03 07:28:46,-45.75,170.5667,58.8,85,100,3.24
501,Kota Kinabalu,MY,2022-02-03 07:28:46,5.9749,116.0724,89.58,62,20,5.75
502,Damietta,EG,2022-02-03 07:28:47,31.4165,31.8133,58.5,43,100,20.69
503,Chuy,UY,2022-02-03 07:28:48,-33.6971,-53.4616,69.35,94,23,8.7
504,Jinchang,CN,2022-02-03 07:28:49,38.4953,102.1739,28.22,24,6,5.44
505,Harstad,NO,2022-02-03 07:28:49,68.799,16.5293,22.23,100,100,7.0
506,Escanaba,US,2022-02-03 07:25:46,45.7453,-87.0646,7.11,75,0,10.36
507,Chara,RU,2022-02-03 07:25:45,56.9064,118.2631,-12.05,94,22,1.45
508,Starkville,US,2022-02-03 07:28:50,33.4504,-88.8184,57.79,99,100,4.43
509,Akdepe,TM,2022-02-03 07:28:51,42.0551,59.3788,44.69,49,51,14.67
510,Hede,CN,2022-02-03 07:29:52,33.7681,120.2517,41.65,36,100,8.14
511,Sao Gabriel Da Cachoeira,BR,2022-02-03 07:29:53,-0.1303,-67.0892,70.86,100,100,1.97
512,Cam Ranh,VN,2022-02-03 07:29:54,11.9214,109.1591,84.16,61,20,17.27
513,Garowe,SO,2022-02-03 07:29:55,8.4054,48.4845,77.05,39,2,15.61
514,Letka,RU,2022-02-03 07:29:56,59.6011,49.4232,13.89,97,100,4.97
515,Bahir Dar,ET,2022-02-03 07:29:57,11.5936,37.3908,72.88,48,99,5.35
516,Walcourt,BE,2022-02-03 07:29:58,50.2539,4.4352,45.09,91,100,7.0
517,Kenora,CA,2022-02-03 07:29:59,49.8167,-94.4337,-19.23,69,0,4.61
518,Farmington,US,2022-02-03 07:29:59,36.7281,-108.2187,18.28,45,0,10.36
519,Abu Dhabi,AE,2022-02-03 07:27:59,24.4667,54.3667,73.51,62,0,1.01
520,Camalu,MX,2022-02-03 07:30:00,30.85,-116.0667,51.42,46,0,7.4
521,Clarence Town,AU,2022-02-03 07:30:02,-32.5833,151.7833,71.15,73,18,11.72
522,Shaunavon,CA,2022-02-03 07:30:03,49.6501,-108.4181,-7.82,93,70,14.7
523,Paamiut,GL,2022-02-03 07:30:04,61.994,-49.6678,24.46,74,100,23.35
524,Dukat,RU,2022-02-03 07:30:05,62.55,155.55,-14.33,74,6,7.96
525,Kostyantynivka,UA,2022-02-03 07:30:06,48.5277,37.7069,32.95,100,100,0.51
526,Gayny,RU,2022-02-03 07:30:07,60.3071,54.3241,18.91,92,99,5.46
527,Kapoeta,SS,2022-02-03 07:30:08,4.7717,33.5903,86.72,34,100,11.65
528,Sindi,IN,2022-02-03 07:30:09,20.8,78.8667,83.28,20,1,13.09
529,Sibolga,ID,2022-02-03 07:30:10,1.7427,98.7792,82.17,79,81,2.91
530,Okato,NZ,2022-02-03 07:30:10,-39.2,173.8833,72.91,80,93,9.78
531,Guerrero Negro,MX,2022-02-03 07:30:11,27.9769,-114.0611,55.17,31,0,4.65
532,Grande Prairie,CA,2022-02-03 07:30:12,55.1667,-118.8027,1.58,78,100,6.91
533,Bucu,RO,2022-02-03 07:30:13,44.6053,27.4934,35.96,56,100,14.52
534,Manikganj,BD,2022-02-03 07:30:14,23.8553,90.0125,75.18,38,13,6.76
535,Baykit,RU,2022-02-03 07:30:15,61.67,96.37,16.48,95,100,3.76
536,Homer,US,2022-02-03 07:28:21,59.6425,-151.5483,32.77,81,100,5.75
537,Glazov,RU,2022-02-03 07:30:16,58.1394,52.6584,23.43,92,100,1.72
538,Raigarh,IN,2022-02-03 07:30:17,21.9,83.4,82.54,24,0,8.03
539,Pio Ix,BR,2022-02-03 07:30:18,-6.8375,-40.5792,68.58,66,100,6.71
540,Brookhaven,US,2022-02-03 07:30:19,31.5791,-90.4407,64.06,98,100,7.58
541,Banda Aceh,ID,2022-02-03 07:30:20,5.5577,95.3222,85.68,64,42,15.17
542,Half Moon Bay,US,2022-02-03 07:30:21,37.4636,-122.4286,56.32,49,0,3.44
543,Havre-Saint-Pierre,CA,2022-02-03 07:30:22,50.2334,-63.5986,30.79,100,100,11.5
544,Tigil,RU,2022-02-03 07:30:22,57.8,158.6667,15.08,93,100,4.25
545,Beni Suef,EG,2022-02-03 07:30:23,29.0731,31.0979,59.79,34,6,14.54
546,Nanga Eboko,CM,2022-02-03 07:30:24,4.6833,12.3667,79.12,61,28,1.77
547,Byron Bay,AU,2022-02-03 07:30:25,-28.65,153.6167,71.55,92,100,18.68
548,Batangafo,CF,2022-02-03 07:30:26,7.3008,18.2833,82.26,13,66,7.74
549,Sur,OM,2022-02-03 07:30:27,22.5667,59.5289,75.58,41,0,19.44
550,Tautira,PF,2022-02-03 07:30:28,-17.7333,-149.15,82.0,78,33,20.04
551,Suntar,RU,2022-02-03 07:26:54,62.1444,117.6319,-10.44,94,94,3.98
552,Ostrovnoy,RU,2022-02-03 07:30:29,68.0531,39.5131,19.96,87,100,13.76
553,Tondano,ID,2022-02-03 07:31:30,1.3038,124.9112,68.09,94,100,2.53
554,Durban,ZA,2022-02-03 07:31:31,-29.8579,31.0292,87.93,76,8,5.99
555,Sovetskiy,RU,2022-02-03 07:31:32,61.3614,63.5842,19.36,93,100,7.85
556,Putina,PE,2022-02-03 07:31:32,-15.4667,-69.4333,45.54,73,100,5.86
557,Pochutla,MX,2022-02-03 07:31:33,15.7432,-96.4661,68.83,74,0,4.43
558,Masterton,NZ,2022-02-03 07:31:34,-40.9597,175.6575,70.93,62,96,2.89
559,Batouri,CM,2022-02-03 07:31:35,4.4333,14.3667,82.99,23,14,2.57
560,Novocheremshansk,RU,2022-02-03 07:31:36,54.3571,50.1666,31.17,98,100,8.19
561,Shumikha,RU,2022-02-03 07:31:37,55.2261,63.2961,22.42,87,100,13.51
562,Les Cayes,HT,2022-02-03 07:31:38,18.2,-73.75,72.43,84,0,4.0
563,Aswan,EG,2022-02-03 07:31:39,24.0934,32.907,67.98,23,2,10.89
